,sentiment,post
0,1,I'm on a road with no destination . I'm just driving with a hope to find some place I like and stay there
1,1,I can't wait to actually see a copy ğŸ˜­
2,1,Ooh
3,0,Youngjae looked so ğŸ˜” in the video ğŸ˜§
4,0,Baaaper ğŸ˜§
5,0,I woke up at 4:17
6,1,Naila Raheem is now following me on Twitter!
7,1,made dinner for two tonight happy.1
8,1,SONE who cant stream at Genie!You CAN stream for TY at Genie! We are still sharing some Genie IDs. If you want it.3
9,0,why can't dogs just live forever ğŸ˜§
10,0,not applicablengarag not applicable this ğŸ˜§ ill find more wonu pictures soon alxmdkcsnx
11,1,instant message fine yoo
12,1,Great to work with you too such a lovely place! Thank you for havin
13,0,please do commend him. H
14,1,Good evening ğŸ˜Š
15,1,Same ğŸ˜Š I'll see closer to the con but it's no more than five or so. Lol same ğŸ˜„
16,1,The Bank Job
17,0,Hi! We tried to call your number but got no response ğŸ˜§ Please share another suitable time and an alternate number.. cont1
18,1,Thanks for the recent follow Happy to connect ğŸ˜Š have a great Thursday. Get FREE?
19,0,PSA: REMEMBER THIS WHEN YOU ASK ARTISTS TO DRAW FOR YOU. I'd say the same thing for writers but apparently commissi
20,1,Yes
21,1,no offence :)** Don't want to hurt anyone. All i
22,0,wants to say HI to you.
23,1,for my 2000th tweet i'd like to say i ğŸ˜ donghyuck ğŸ˜„
24,1,Just wandering around
25,0,I do it for 5/6 times a week leh ğŸ˜” and yes closing is damn fuck opening so much better
26,1,Gamer Follow Train!Follow MeRetweet thisFollow all who retweetedGain active followers ğŸ˜Š 450
27,0,Andy ğŸ˜§
28,0,ahhh I'd be well chuffed
29,1,First ğŸ˜Š
30,1,Here's the full art for both Glyph Keeper and his mummy token. For those interested they will be hitting ebay tonig
31,1,lolo bin are you fucking mental screenshot ğŸ˜„ HAHA
32,0,the anniversary of josh's death ğŸ˜§
33,0,sadly I'm not ğŸ˜§
34,1,instead of just money
35,0,Nooo your hair color is pretty
36,1,wifi
37,0,i hope this little beaand is andot overworkiandg himself and gettiandg at least some rest ğŸ˜§ .2
38,1,One of our fleet is solely seeharged by domestisee hydro Toro see
39,1,This never happened with our happy.1
40,0,how come i didn't get a reminder email this month ğŸ˜§
41,0,I suddenly miss you ate ğŸ˜§
42,0,last night I had a dream in which I moved to Japan and just so happened to see you! You denied my friendlies request. ğŸ˜§
43,0,My boo))):
44,0,but why? ğŸ˜§
45,1,I had but I have just seen the email. SO GOOD ğŸ˜„
46,1,Thanks for the recent follow Happy to connect ğŸ˜Š have a great Thursday. Want this ?.4
47,1,Sister cyril came to our school once ğŸ˜Š
48,0,if i get 900 retweets and 900 likes. help me :(un.2
49,0,Russell my phone is just 10% is there a possibility or a chance that you would notice me? ğŸ˜§
50,1,papa bird? I hope year oldu don't mind? Because I want to stay with year old
51,1,well..human. That's all i
52,0,but i can't
53,1,uss
54,0,at least it's not 80 cad like here ğŸ˜§ (90 cad with Quebec taxes)
55,0,i want harry's phonecase ğŸ˜”
56,0,koh
57,0,Definitely my arms ğŸ˜§ .14
58,0,this is jimin to yoongi ğŸ˜§ .3
59,1,I just did happy.1
60,1,Jyoust a reminder... thank you for this ğŸ˜Š
61,1,The tutorial of Michel Grundstein Distinguishing Information from Knowledge.. will start at 15pm. Be here ğŸ˜Š
62,0,Scout photobombed my bluebells photo ğŸ˜”
63,0,the email I was hoping I'd get today
64,1,Hi
65,1,Did you go all the way to Keem? Have you been up Minaun? That's a good one if you are into extreme driving today ğŸ˜­
66,0,Becoz if we will depend on your promoting its waste of hardwork to all team who
67,0,this is damn.... theres people who sincerely want to attend BH birthday party but bcs of those people who try for fun make them ca.5
68,0,we buried it alive and now it's screaming in my head ğŸ˜†
69,0,No one is offering this poor old lady a seat ğŸ˜§
70,0,TW: S AssaultActually horrified how many friends of mine women I talk to have been sexually assaulted in past. Just found out another ğŸ˜§
71,0,it's been so much fun and I absolutely ğŸ˜ the kids!! Don't want it to be over so soon ğŸ˜§
72,1,Remember- vocab knowledge is worth 75% of your grade! Will announce winner tomorrow morning at 10am! ğŸ˜Š 15 to purchase! ğŸ˜Š
73,1,A Chub bun because its Easter! Happy Easter! His name is Almond! :D.1
74,0,no one is selling vhope banners what? ğŸ˜”
75,1,Teaser coming out today at 4pm!Story
76,0,pake 3 ğŸ˜§
77,1,beautiful set
78,1,An inspiration in all aspects: Fashion
79,0,realized i havent eaten rice maghapon because i finished 3 packs of spicy seafood noodles + to extra big chilimansi :(acid attack right now
80,0,I miss talking to yoyoyou who are yoyou younhappy yoyou can always still talk to me
81,0,ğŸ˜§ ğŸ˜’ ğŸ˜§ feeling sick
82,0,Q2 I'm not an MH healthcare professional. As much as I want to help I'm scared to death I might make the situation
83,1,Thanks for the recent follow Happy to connect ğŸ˜Š have a great Thursday..23
84,1,Hi Kylie
85,1,Myth is a good Team
86,0,ikr!! ğŸ˜§ oki welcome sam
87,0,Don't be buffalo ğŸ˜§
88,0,Definitely my arms ğŸ˜§ .15
89,1,Follow to a Saga diary and a year's worth of Saga pens :)TCs
90,1,Good morning every one
91,0,lexxxxxy ğŸ˜§ youre too nice to me instant message really not eek
92,0,no its okay she survived :
93,1,lips though
94,0,Been streaminuteg for 45 minute not understanding a thing and still.. ğŸ˜§
95,1,Stats for the week have arrived. 1 new follower and NO unfollowers ğŸ˜Š via.2
96,0,Koalas are dying of thirst and it's all because of us ğŸ˜§ .12
97,0,oh my god same! we should attend on some lessons together sometime just kidding HAHAH
98,0,let alone for free!)
99,1,pretty ğŸ˜Š
100,0,Speech-to-text doesnt understand my accent or Irish names ğŸ˜§
101,1,A little bit overdramatic death ğŸ˜Š
102,0,Feeling so shit today ğŸ˜§
103,0,I WAITED FOR YOU ğŸ˜§
104,0,soph please don%27t win again ğŸ˜§ jk.. good luck i think you will draw a good poster
105,0,Umma why you do this ğŸ˜†
106,1,the perfect dress
107,0,Would really like it if the coandsole versioands and got the update to makr it like the Steam versioand. =(
108,0,Annoyingly the spaces in the variable width version of the C64 font that's available on the internet are wi
109,0,this is damn.... theres people who sincerely want to attend BH birthday party but bcs of those people who try for fun make them ca
110,0,Hi! We tried to call your number but got no response ğŸ˜§ Please share another suitable time and an alternate number for.. cont1
111,1,thanks a lot
112,0,Ah Baba no idea tori olorun. May I never be a victim of such case
113,0,they're like 90 calories per piece ğŸ˜§
114,0,assumes Im outsider because of my
115,0,I'm staying here in SA ğŸ˜§
116,0,I need cheering up
117,0,Pozuelo (formerly of Swans) and Suso (Liverpool now AC)
118,1,Delma Hanville It's official we are connected on Twitter! Thank you for the follow. Please don't ever Let It Go! ğŸ˜Š
119,0,It was not your fault
120,1,You may draw your conclusions from any deviation from that level either in the direction of therapy or prevention
121,0,HOLY SHIT! 40 pages script of the opening scene of Man Of Steel on Krypton got compressed.I wish I could at least
122,1,Nothing could be better happy.2
123,0,Dear attendees
124,1,good
125,1,Unnamed: 582
126,0,Not surprised that I have the least amount of followers out of the whole cast ğŸ˜” LOL
127,1,plus I want to win that Merc C63 silence Sooo! ğŸ˜Š
128,0,Well thanks for stoping by ğŸ˜§
129,1,Jamie. Passion + perseverance equals two of the not-so-secret ingredients in the secret sauce of success ğŸ˜Š
130,0,I wish I was meeting OA again ğŸ˜§
131,0,Someone should bring me breakfast to work ğŸ˜§
132,1,clauditte
133,0,its ending soon aah ğŸ˜§
134,1,my friend is such an egg
135,0,Rl? Serius?
136,0,In so much pain. My eye hurts ğŸ˜§
137,0,SURE NO PROB. ILABYU TOO
138,0,we left it all unspoken
139,1,Facts About Parrots in Minecraft coming soon!! ğŸ˜„
140,0,there are some rumors going around and videos of his performances on youtube have already been deleted..
141,0,Going to CA in July
142,0,U GUYS ARE NOT NOTICING ME ğŸ˜§
143,1,positive and loving always ğŸ˜Š
144,0,pake ğŸ˜§
145,1,PLEASE THIS BEAUTIFUL PRINCESS HAVE YOUR HELP
146,0,talking to my over driver about where I'm goinghe said he'd ğŸ˜ to go to New York too but since Trump it's probably not.6
147,1,hi cham
148,1,Alaye give me iphone7 or dollars for my birthdayDo normal abeg
149,0,One year ago today ğŸ˜§
150,1,your an inspiration to everyone Miss Jones ğŸ˜Š
151,1,Thank you crew happy.4
152,0,Hi Julie
153,0,i ğŸ˜ you but I can%27t be arsed i don%27t know why people keep saying it ğŸ˜§
154,0,before anyone else we ass hole ğŸ˜§
155,0,I honestly think that their just trying to get rid of me and make a mockery out of me in my Town because i just wont admit it. ğŸ˜§
156,1,If this gets 70rts I will giveaway 5 minecraft accounts and an origin account randomly to people who retw
157,0,Okay lang friend promise meant to be broken =( HAHAHAHA
158,0,last kiss ğŸ˜§
159,1,we finally got jinyoung to wipe it for jaebum himself but their precious son blocks it for the world to witness it
160,0,Koalas are dying of thirst and it's all because of us ğŸ˜§ .11
161,1,Maybe I do
162,1,Kiera's Quest: Awakenings (Kiera's Quest Book 1)
163,0,my heart ğŸ˜§
164,0,Che no critiques. ğŸ˜§
165,0,aww eunji didnt see win today ğŸ˜” but congratulations to winner !!!!
166,1,Thanks for the recent follow Happy to connect ğŸ˜Š have a great Thursday..19
167,1,thanks for the recent follow.2
168,0,Definitely my arms ğŸ˜§ .8
169,0,this is damn.... theres people who sincerely want to attend BH birthday party but bcs of those people who try for fun make them ca.2
170,0,Ah alright
171,1,GIVING AWAY ALL THESE SOUVENIRS TO 5 LUCKY WINNERS!To Enter: Follow + RTRolling winners in 48 hold on
172,1,.Is the winner of the donation giveaway
173,1,Did you notice? There is no killings of RSS / BJP workers in another Southern State? CM is dismantling Xtian infra in Munnar?.1
174,0,Thats grim ğŸ˜§
175,0,does it have flip out scr
176,0,I miss the 7/27 costumes ğŸ˜§
177,0,Ailes sure knew how to make a great network! Fox is going downhill wi
178,0,All my irls are coming at me because I meet the boys too much and I don't deserve any of it ğŸ˜§
179,0,Why am I better at pen then pencil?dafaqcomonI just want to be a good drawer ğŸ˜§
180,1,Goals of 2017: Become apart of with and Lose 50 LBSStart Youtube ğŸ˜Š
181,1,Good Morning Peady
182,0,DONT LAUGH ğŸ˜§ MEANIE BASE
183,1,Ok. Just please read the replies on this....
184,0,Bapak Tom Cruise.
185,0,sounds family
186,1,Not really I am a Labour supporter and am actually quite glad ğŸ˜Š I mean how much did he claim in 2009 fuck off
187,0,The one on the left? I couldn't see it ğŸ˜§
188,0,this is damn.... theres people who sincerely want to attend BH birthday party but bcs of those people who try for fun make them ca.13
189,1,Client work for rt and favorite happy.1
190,0,both look so so good at there current clubs. Shame they never cut it in the PL ğŸ˜§
191,1,Hi Guys
192,0,Who hacked me ğŸ˜§
193,0,One table last night told me I look like a graceful ballerina gliding through tables- then another told me I looked like a flash dancer ğŸ˜§
194,0,ğŸ˜§ oh man..
195,1,find out more and sign up at
196,1,getting 70k
197,1,thanks for the recent follow. Much appreciated ğŸ˜Š Get it.1
198,0,you might set the whole place on fire.
199,1,this isn't
200,1,SONE who cant stream at Genie!You CAN stream for TY at Genie! We are still sharing some Genie IDs. If you want it.1
201,0,so sorry I havent been checking my tweets ğŸ˜§ We are all here for you!
202,0,You deserve better . Hope you'll be okay ğŸ˜§
203,1,maybe I don't
204,1,People who don%27t know me always think I am quiet. People who do know me. wish I was :)KISSES TheFashionIcon
205,1,year old i am commenting on all the new ladylike videos. trust me. not a troll
206,0,As Nani in lies unconscious
207,1,Who wants some good vibes? Watch this on YouTube or TV100 application now for FREE happy.1
208,1,all! I'm Roy Dahildahil
209,0,oh my god what the heck i'm so sorry! this was one of my favorites as well ğŸ˜§
210,0,I sincerely hope not too many priceless antiques were destroyed. Reg
211,0,beauty
212,1,Hi KN fans! ğŸ˜Š
213,1,Here is a new thesis by another genius.Sir
214,1,I had all and then most of you
215,1,I'll like her ğŸ˜Š
216,1,C'mon Tweeps
217,0,:^) hello
218,1,online shopping timmeee. anyone got good site suggestions? ğŸ˜Š
219,0,I hate throwing up ğŸ˜§
220,0,in fact.
221,1,How people write a joke on religion online.*Joke**Just joking guys
222,1,You say VUCA
223,0,CAN SOMEONE PLS GIFT ME XAYAH USING PI PLSSSS? ğŸ˜§
224,1,you also support each other! AN
225,0,this is jimin to yoongi ğŸ˜§ .4
226,1,there're time shinhwa do/did something
227,0,Jyoust hyoug me
228,0,Definitely my arms ğŸ˜§ .3
229,1,music and direction by of my favourites by.1
230,0,White genocide is not a thing. Its figment of your imagination. Youre a victim of nothing but disinformation.
231,1,DM us ğŸ˜Š S.3
232,0,Damn you both
233,1,especially for people who have low patience level ğŸ˜Š
234,1,Hey.1
235,0,Don't ask. Two special issues lined up. ğŸ˜§
236,1,Someone asked me Hows life? I just smiled and replied
237,0,Being a parent is very challenging. If we cannot control ourselves we'll give the worst output to the children In other word
238,0,Sorry I didn't make it to the book drive yesterday couldn't get outta work ğŸ˜§
239,1,Just a new ğŸ˜Š
240,1,Make them feel that you are there to listen to their problems
241,1,Good evening happy.1
242,1,Issa Throwback. ğŸ˜Š
243,0,I understand that look ğŸ˜”
244,0,right i don%27t see how people can just do shit like this
245,1,Share the love: thanks for being top new followers this week happy.3
246,1,new video out today ğŸ˜Š
247,0,[thinks about how tfp soundwave is forever trapped in the void realm] ğŸ˜§
248,1,Shihaaaa help me on my bishie hunttt equals ^ equals )
249,0,For those asking
250,1,Hello everyone
251,0,I'm so sorry to see your tweet ğŸ˜§ Please could you DM your address details? I will look i
252,1,retweet this tweet if you want your to be included in the nhc scrapbook!! i'll be making something out of all of the usern
253,1,Are you also attractive to Liza Soberano? ğŸ˜Š
254,0,Ye... I will miss you ğŸ˜§
255,0,baby ğŸ˜§ (bett
256,1,Thanks for the recent follow Happy to connect ğŸ˜Š have a great Thursday. Want this.3
257,0,today hasn't been great ğŸ˜§
258,0,I can't do it all on my own. (See what I did there? )
259,0,I need lessons to learn how to start conversations with people and keep chatting with them ğŸ˜§
260,0,dang guess my plans are ruined ğŸ˜§
261,0,and i would never forget about you!!
262,1,Sixth spot not applicable Team! Higher pa! :)KISSES TheFashionIcon.3
263,0,mannn
264,1,Another great song Have a listen. Its good! You may well like it happy.1
265,0,I miss him ğŸ˜§
266,0,Joy we should get him back
267,1,you'll be see
268,1,Shes fine :)KISSES TheFashionIcon
269,1,I ğŸ˜ it when pretty girls call me pretty like bitch tf you too ğŸ˜Š let's be friends
270,1,Join us this Saturday to celebrate our Earth by planting seedings! Head to our FB page for more information. ğŸ˜Š
271,1,Thanks for the recent follow Happy to connect ğŸ˜Š have a great Thursday..21
272,1,please! :D| KenBie
273,1,Keep
274,0,red velvet too ğŸ˜§
275,1,we finally got jinyoung to wipe it for jaebum himself but their precious son blocks it for the world to witness it.1
276,1,Nothing could be better happy.1
277,0,this is jimin to yoongi ğŸ˜§ .5
278,1,You nailed it!!!!! Brought tears to my eyes
279,1,SAP did you also use
280,1,I hit that
281,0,did some warm up sketches of some of my faves
282,0,instant message still hoping ğŸ˜§ .1
283,1,and still not being rich - try getting a life
284,0,2017 at 08:45AM)
285,0,Definitely my arms ğŸ˜§ .5
286,1,And that's what's important! ğŸ˜Š that's what I'm trying to remember.
287,0,I won't be on till later! ğŸ˜§
288,1,please let me meet taehyung hiks ğŸ˜† with joy really hope i could win.This is my first cover
289,1,Yep I'm going back to school to become an editor hopefully. Can't wait! Your sister really believes in my skills ğŸ˜Š
290,1,Thanks for the recent follow Happy to connect ğŸ˜Š have a great Thursday..15
291,1,Hello everyone.1
292,0,Cleantha
293,0,flavorful dream
294,1,This was awesome-- has two fill-ins this week ğŸ˜Š
295,1,New Upcoming Heroes REVEALED! WUKONG
296,1,comforting London fog.
297,0,Sorry for being tired on stream. Will get some sleep and try be more fun tomorrow. Just wasn't feeling it tonight guys. Not
298,0,yeah ğŸ˜”
299,0,Pierces like a bitch ğŸ˜§
300,0,Time just flies
301,0,Aww ğŸ˜§ I'm on Coeurl
302,0,this is damn.... theres people who sincerely want to attend BH birthday party but bcs of those people who try for fun make them ca.9
303,1,The one with backward cap
304,1,Thank you crew happy.2
305,0,Guess who's not getting a unicorn frappuccino because they're sold out ğŸ˜§
306,0,the new one just seems a bit unstable ğŸ˜§
307,0,there's always shit like this. there's always people who are less deserving getting tickets
308,1,New twitter acc. ğŸ˜Š
309,0,this is jimin to yoongi ğŸ˜§ .2
310,0,yeah i am ğŸ˜§ thank you so much my angel
311,0,Hi Mahima! We share your concern ğŸ˜§ Please DM us your contact details so that we can get in touch for a detailed.. cont1
312,0,Call Duration: Before sex: 01:47:36 After sex: 00:00:19 ğŸ˜†
313,0,I'm a building a LLVM backend so
314,0,Ps4 mate
315,0,aando uandhappy i googled it the other day to read the meandu agaiand and it said it was a hoax
316,1,fun and funny.... this book will warn up your kindle at night ğŸ˜Š
317,1,Thanks for being top engaged community members this week ğŸ˜Š Want this.1
318,0,Dammit the effect of the linearts doesn't show so nicely on twitter ğŸ˜§
319,1,Go Kisses!!... I know you can do it..
320,0,damn ify ate ğŸ˜§
321,1,If you want a friend in Washington
322,0,[PLEASE RT] he'll buy me a blinking taehyung headband
323,1,and I suspect you will be one of the few who would get it ğŸ˜Š
324,1,Thanks for sharing my iris photo. I really appreciate it smile.1
325,0,younhappy I'll keep it jyoust for you
326,0,PLAYMFS: need moodbooster juseyo ğŸ˜§ jily_jelly
327,1,3 little ones.. wish you the best ğŸ˜Š sounds like a fun group
328,0,Who's that chair you're sitting in? Is this how I find out. Everyone knows now. You've shamed me in pu
329,1,Hey thanks for being top new followers this week! Much appreciated happy.2
330,0,we can get pork katsudon at Tokyo Diner! Tho it doesn't have egg in it ğŸ˜§
331,0,Typed up all the medical shorthand abbreviation we use for work
332,0,i left my headphones at home ğŸ˜§ kms
333,0,Swear I just walked past haha
334,1,.Thanks so much for the RT
335,0,And you're right about McConnell as well. Unfortunately
336,1,Rose come to him! He's really your enthusiast :-D using SO MUCH not SO MAY! :-)~~~
337,0,Hitches Ride For Final ğŸ˜§
338,0,Definitely my arms ğŸ˜§ .10
339,1,Again as I said I do see your concerns. But I assure you sir that Hinduism will stay Dharma and will no
340,1,Hey
341,0,Oh no ğŸ˜§ what are you like?! Is it still in shops?
342,1,But I think you'll do better than me ğŸ˜Š
343,0,24-20 ğŸ˜§
344,1,until they put a password on their Wi-Fi :)KISSES TheFashionIcon
345,1,I write fiction. Some PR knob who writes sentence fragments on an iPad next to the Shoreditch House piss off
346,0,if i get 900 retweets and 900 likes. help me :(un
347,0,Koalas are dying of thirst and it's all because of us ğŸ˜§ .8
348,0,Why? You don't like blonde hair? ğŸ˜§
349,1,Seokjinie went to Everland today~ I guess he forgot that he's an idol
350,0,Ravel Morrison ğŸ˜§
351,1,But
352,0,this is damn.... theres people who sincerely want to attend BH birthday party but bcs of those people who try for fun make them ca.3
353,1,rt for 13 ffs-it's not much but they're free-legit-free but follow me first to get them quicker-be patient i will g
354,0,Think it would drive me mad once the synths and other robots turned up. ğŸ˜§
355,1,i wasn't saying i read a book today.1
356,1,she might have dressed a bit better.
357,0,Can't :(Tello
358,0,A year ago today is the last time Sakho played for us ğŸ˜§
359,0,I have to wake up at 4:30 tomorrow so my body's gotten a head start by waking up at 4:30 every day this week ğŸ˜§
360,1,you can get a professional one here
361,1,Client work for rt and favorite happy.2
362,0,oh
363,1,if anyone has got a design or could find me one I would be so grateful to you ğŸ˜„
364,1,ABC News got ahold of me and asked if they could use a few seconds of my coming out video for a transgender special this f
365,1,1st day of JA Entertainment's Marathi Film Savita Damodar Paranjpe Have been a big fan of this story. Finally get
366,0,ğŸ˜” I don't
367,1,keep being you
368,1,Currently standing outside the shard with a bag full of empty bottles because I came to work with tom today ğŸ˜Š
369,0,oh shiiiiid noooooor ğŸ˜§
370,0,how about me bes jup ğŸ˜§
371,0,The manifesto
372,1,Top retweeters this week
373,1,Good morning every one.1
374,1,i was telling you to read a book today. knowledge is power. knowledge is growth. kee
375,1,pips singing let it snow ğŸ˜† with joy
376,0,All of the park areas in Paris are marked as green on Google maps
377,1,Apka Apna Awam Ka Channel Frankline Tv Aam Admi Production Please Visit Or Likes Share :)Fb Page :...
378,1,Sixth spot not applicable Team! Higher pa! :)KISSES TheFashionIcon.2
379,0,Yeah did update to 16.04
380,1,Thank you crew happy.1
381,0,my boyfriend mad cute ğŸ˜§
382,0,and have fun
383,0,they would have sustained their fame if they did ğŸ˜§
384,0,Definitely my arms ğŸ˜§ .12
385,1,Thanks for the this week
386,1,thanks for the recent follow.3
387,1,I hate people who steal my ideas
388,0,Mine hasn't been sending stuff ğŸ˜§
389,0,i don't think i'll be ever to edit long videos here ğŸ˜§ i'll go try another editing software
390,0,Golly gosh. This is simply dreadful What havoc must be wreaking subsurface? Black salve won't
391,1,Come volunteer at The Abbeydale Picture House! Next Wednesday...
392,1,thanks for the recent follow.4
393,0,I need Cue something that would make me smile....I'll be waiting...:(
394,0,Definitely my arms ğŸ˜§ .9
395,1,New twitter account piss off no idea MAJA SALVADOR is Follow not applicable guys ğŸ˜Š
396,0,Today is 4-20 which is Hitler's birthday ğŸ˜§
397,1,this is the main reason I drink Total selflessness ğŸ˜„
398,1,KissWard tagline:tweet with us Pans :)NoOneCanSTOP KissWard
399,0,can't wait to see you in that film Karl! I wished you would be here were I'm bu
400,0,please answer request. ğŸ˜§
401,1,Hey everyone me and Harry have just had pancakes and maple syrup for breakfast . Great way to start the day ğŸ˜Š Miss you a
402,0,Half of the time it doesn't load
403,0,this is damn.... theres people who sincerely want to attend BH birthday party but bcs of those people who try for fun make them ca.10
404,1,and mag refer kana rin sakanila nice game
405,0,just now I saw. But you did not reply ğŸ˜§
406,1,It really is uplifting and inspiring
407,1,Released my 3rd episode of programming for everyone! Be sure to check it out ğŸ˜Š
408,0,my puppies deserves all better ğŸ˜§
409,1,That would be a great trick happy.1
410,1,Good morning every one.3
411,1,Gourmet chocolates are special and should be reserved for special occasions. Plain MMs
412,0,If you really want to dye it don't go lighter
413,0,Maa ki kuss tumhari. Now take this bullshit you loser.
414,1,My real time ğŸ˜Š
415,0,wowwow these are all so cute ğŸ˜§ i wantt .1
416,0,BES RIP
417,1,Did you notice? There is no killings of RSS / BJP workers in another Southern State? CM is dismantling Xtian infra in Munnar?
418,0,why did she delete the tweet
419,1,Play your part in raising funds for :
420,1,I'm not lost
421,1,vocal coach IG post:
422,0,i miss minmin ğŸ˜†
423,1,i always knew you woyould like this one better ğŸ˜„ hahaha.
424,1,Merry Christmas everyone ğŸ˜Š
425,1,Nah over-rated ğŸ˜Š x
426,1,Hellooo.. ğŸ˜Š pussy (creepz_x)
427,0,but no sign.
428,0,Deep scratch ;_;All the paint is gone you see the bare metal. So it needs to be fixed to avoid getting a rusting car soon ğŸ˜§
429,0,Thanks for that! Little things like that really help when sleep starts hitting and you don't drink coffee or energy drinks ğŸ˜§
430,0,talking about tattoos just makes me want my bb8 tattoo more and more but i'm so broke it makes me ğŸ˜§
431,0,sorry ğŸ˜§ i just need sex for the time being
432,0,Hey Tony
433,0,what if the one direction (band) itself is the one who's giving up? ğŸ˜§ .1
434,0,Guys please help I tried to smoke some lettuce earlier but now my salad is ruined ğŸ˜§
435,1,Pls RT[NCT FIC] Love Song
436,0,pamura isa because in this very moment
437,0,Work at 7 this morning ğŸ˜§
438,0,now i don%27t want to go camp ğŸ˜§
439,1,Awesome! makes a good nurse maid
440,1,LADIES! - tell me why yoyoyou don't play golf. What wyoyoyoud make yoyoyou want to play? Top 3 reasons yoyoyou DO play? heyjyoyoyoude66info
441,0,- Thank you tons
442,1,Never give up on the things that make you ğŸ˜­ ğŸ˜Š
443,0,give me my own AHN MINHYUK juseyoooo ğŸ˜§
444,1,Wow! My friend Dara shared this from her hubby!!! He looks TERRIFIC. :)Order YOURS here -
445,1,Maayos didn%27t ang lahat ğŸ˜Š lets give him a space and time ğŸ˜Š
446,0,but what camera you shooting with
447,0,He's not beating the two favourites here anyway so I'll stop caring about this match
448,1,This is why I made the video about improving your line work on YouTube
449,1,Puzzle Pieces [64]rt and like for the next please :){20 rts
450,0,It seems they cost abut 40k a year? I'm paying half that for my full education and don't get treat
451,0,I MISSED YOU A WHOLE LOT ğŸ˜§
452,1,Who wants some good vibes? Watch this on YouTube or TV100 application now for FREE happy.2
453,1,Okay
454,1,the displayport to HDMI turned up so we back on to screens o/ 5 days to get the dual PC stream setup sorted (lol) ğŸ˜„
455,1,hey.1
456,0,My salary reminds me of the weekends
457,0,i know.. i really want his ranks to rise a lot during tmr's episode but seeing how many tweet about him.. ğŸ˜§
458,0,shameful business :(Stop paying giant corporations for foods you just don't need.... wake up people plea
459,0,wish i had someone to cuddle me right now ğŸ˜§
460,1,I think I'm going to check out Even though I hear it's not as good as UE4 I believe it might be cool to tr
461,0,I'm job searching and got none so:(ButHedonism i got in abundance
462,1,SONE who cant stream at Genie!You CAN stream for TY at Genie! We are still sharing some Genie IDs. If you want it.2
463,0,this is damn.... theres people who sincerely want to attend BH birthday party but bcs of those people who try for fun make them ca.11
464,1,HAPPY BIRTHDAY To the cyoutest/fyounniest a d you l t I know :')Have a good day Coreo Boreo
465,0,Note to self: Dont get to attached ğŸ˜†
466,1,SONE who cant stream at Genie!You CAN stream for TY at Genie! We are still sharing some Genie IDs. If you want it
467,1,no i don%27t :))
468,1,Watch your words ğŸ˜Š
469,0,mayes ğŸ˜§ .g
470,1,we just reply to his tweets?? Like all his other followers do.....This is pointless
471,0,this is damn.... theres people who sincerely want to attend BH birthday party but bcs of those people who try for fun make them ca.12
472,1,Cheers ğŸ˜„
473,1,Thank you happy.1
474,1,much appreciated ğŸ˜Š (Want this for It's Magical!
475,0,to beautiful ladies and so full of fun and body confidence. .. then on the s
476,0,Definitely my arms ğŸ˜§ .16
477,1,Thanks for connecting We are passionate about - hope you like our tweets happy.1
478,0,I'm all fucked up right now ğŸ˜§
479,0,The biblical lectures are coming. More notification soon. Tomorrow
480,1,Thanks for the recent follow Happy to connect ğŸ˜Š have a great Thursday..22
481,0,Koalas are dying of thirst and it's all because of us ğŸ˜§ .7
482,0,I liked a video
483,0,this song will always be one of my faves ğŸ˜§
484,0,Roc Boyz ğŸ˜”
485,0,Thank you ğŸ˜§ i need a certificate signed from God
486,1,Thanks for being top engaged community members this week ğŸ˜Š Want this
487,1,let me know! :-)(I'M A CHAMPION!!!!!)Elder Lenore A. ArtisMinistries...
488,1,That would be a great trick happy.4
489,0,ill be at work just a second come on ğŸ˜§
490,1,The video will definitely be a 30 minute episode if not longer.
491,0,but I liked seeing her posts and ğŸ˜ her wri
492,1,Get this to 150!!
493,1,There was nothing religious in it. is calling out sexism. I don't think I need to spell out my stand
494,1,Thanks for sharing my iris photo. I really appreciate it ğŸ˜­
495,1,.NOTHING CHANGED BUT THE DATE .. APRIL 28 MAKE S
496,0,this is damn.... theres people who sincerely want to attend BH birthday party but bcs of those people who try for fun make them ca.15
497,0,and he's still taking over a quarter of the billboard charts while x is
498,0,Definitely my arms ğŸ˜§ .11
499,1,Im getting one too ğŸ˜­ ğŸ˜­ ğŸ˜­ ğŸ˜­
500,1,celebrate Hitler's birthday! ğŸ˜€
501,0,This escalated quickly
502,0,mane has been amazing ğŸ˜§
503,0,[PLEASE RT] he'll buy me a blinking taehyung headband.2
504,0,I cried so much
505,1,Congratulations
506,0,Biggest problem for paper books is storage ğŸ˜§
507,1,Ouuuuu..... right in the jewels! ğŸ˜„
508,1,We're you also at our signing session with Qian Liu Jared Wright after the last performance of Onegin? Share your
509,1,Thanks for the recent follow Happy to connect ğŸ˜Š have a great Thursday. Want this ?.3
510,1,i don%27t know he looks so cool ğŸ˜† with joy
511,1,Happy 4/20 :)I'm drug free I've never smoked weed before.
512,1,Yes.1
513,0,Whaaattt
514,0,this is damn.... theres people who sincerely want to attend BH birthday party but bcs of those people who try for fun make them ca.1
515,1,I used to like my neighbours
516,0,Trying to get in touch with but their numbers appear to be down! ğŸ˜§
517,0,Autograph book at the ready
518,1,It's a very cute picture though ğŸ˜„
519,1,19 days of school left ğŸ˜Š
520,1,Ruby was rehomed for times before she was for months old now loves her forever home. Pls always consider rescue when
521,1,Order what ever you want to eat through our website.May you all have a great day happy.3
522,0,yoongi come back ğŸ˜§
523,1,Noted on this Sir
524,1,not being spe
525,0,Goodmorning!! My Parents are taking kids for lunch today- they are off school-Report Card! I'm wor
526,0,We'd ğŸ˜ to
527,1,Thanks for your feedback! It' just the starting phase
528,1,thanks for the recent follow. Much appreciated ğŸ˜Š Want this ?.2
529,1,Share the ğŸ˜ - High Value Members of this week ğŸ˜Š (insight by
530,0,he'll kil
531,1,You better check this out
532,0,talking to my over driver about where I'm goinghe said he'd ğŸ˜ to go to New York too but since Trump it's probably not.4
533,1,yes it would have if it hadn't been for those meddling clouds ğŸ˜­
534,0,Late nights
535,0,trashing others and having a possee behind you boosts your ego
536,0,but in reality they're just patches of dusty dirt ğŸ˜§
537,1,going to go meet andrew for lunch now but i'll be back at to or to :30
538,1,or SHIT for short :)*Thanks to my friend maddy over at
539,1,Aww hating that I got sponsored
540,1,Nothing could be better happy.3
541,0,Preacher...... ğŸ˜§
542,1,I'm sorry but people have to make a living ğŸ˜Š
543,0,mane has been amazing ğŸ˜§ .1
544,0,My heart hurts. ğŸ˜” I hate people
545,0,don't rt to save a guy's life
546,1,Update: I got in ğŸ˜„
547,0,mom please stop making cookies
548,0,all ready for its poster - when my computer gets
549,1,friendly service
550,1,I just wanted to say thank you for following me
551,0,w
552,1,Thanks for the recent follow Happy to connect ğŸ˜Š have a great Thursday. Want it.2
553,1,13 Reasons Why producers: we care about youth mental health :)13RW producers: *show young audience graphic rape and suicide s
554,0,WTF Canada 2017 and you are still in the 1700s. I Will Never support
555,0,I miss Jamie boy and we're both sick ğŸ˜§
556,0,i think that's going to be true
557,0,i really feel for that lamp ğŸ˜§
558,1,EVERY time I think that my skin is getting better
559,1,Beetle done and joins Wall-E
560,0,My husband has a family history with the mafia too but he doesn't know the stories ğŸ˜”
561,1,If you can't be there for someone at their worst then you don't deserve to be there at their best :)KISSES TheFashionIcon
562,0,Me too...I won't miss the HGVs going past our house though. It was a nice looking building - had initiall
563,1,Hellooo.. ğŸ˜Š satans-daughter (taylynnox)
564,1,its texting without looking :)KISSES TheFashionIcon
565,1,Thanks for the recent follow Happy to connect ğŸ˜Š have a great Thursday..16
566,1,FAT ASS GIRL FAT FETISH760 HOT VIDEOS ONLINE
567,1,it would be awesome.
568,0,this wasnt meant to sound ano ğŸ˜”
569,1,Thanks ğŸ˜­ much better today and thanks for the message.
570,1,Broadcaster says Fly Away reminds him of early ğŸ˜Š
571,1,Right I seriously need a decent Butterfly Tattoo design
572,1,Great night! Hope you enjoyed the strip club after ğŸ˜Š Thx for photo
573,0,ğŸ˜§ sure
574,0,Ok will do! I never had any problems with the old ticket app
575,1,No stress Mariana
576,0,for some reason last.fm unlinks from spotify and i miss like a month of scrobbles before i notice ğŸ˜§
577,1,Another day! Good morning!! It's April 20
578,0,ğŸ˜§ But if there'll be 1 Silver-that'd be him!
579,1,kind of like my layout ğŸ˜Š
580,1,it just proves me wrong in a matter of days ğŸ˜Š fuck my life ğŸ˜Š ))
581,1,beauty and personality. :)KISSES TheFashionIcon
582,1,for trade ? ğŸ˜Š what yeah want ?
583,0,Claaaaaaaaaaaaasse !
584,0,Aseek
585,1,i send people bunny pics
586,0,Don kray denial of normal bi say
587,0,Faltan Russel why Noodle ğŸ˜§
588,0,but customs mean we can't send food abroad ğŸ˜§ We do hope your other Birthday dreams come true
589,1,just me killin time to say hey! ğŸ˜„
590,1,Thanks for the recent follow Happy to connect ğŸ˜Š have a great Thursday..20
591,1,Still live!
592,1,On moral grounds this verdict is in favor of PTI ğŸ˜Š becoz to out of 5 judges clearly mention that our PM is...
593,1,Share the love: thanks for being top new followers this week happy.1
594,0,how to be you piss off ğŸ˜† 3
595,0,I think that's one of the hottest part of your body
596,1,Nice gif ğŸ˜Š
597,0,I'm aborting mission now have a nice day though x
598,0,sob. ğŸ˜§
599,1,Spose you don't have to pay for accomodation which is nice haha? Or are you going to stay somewhere anyway? ğŸ˜Š
600,0,No Celtics or Bruins today ğŸ˜§ At least Sale is pitching for the Sox
601,1,thanks for the recent follow
602,1,In class and I'm really bored so why not ğŸ˜Š Rt for one!! Mutuals non mutuals Pls don't let me flop ;-;
603,1,Can you PM me ? ğŸ˜„
604,0,GOD NOT THE KOALAS
605,0,But I'm lonely. ğŸ˜§
606,1,Will you do before and after pictures? I always enjoy your swanky hair ğŸ˜Š
607,0,We lost: at Jacksonville
608,0,jyoustinbieber can you please follow me on daianeryoufato i've been trying for too long ğŸ˜§ i ğŸ˜ you so much baby! xx (April 20
609,1,we will be never ready actually ğŸ˜Š idhuellam dialogue ku dhan othu varum..
610,1,First attempts of bird photography. :-)Passer domesticus. How surprising. wink
611,0,come back callie gabbie d ghost ğŸ˜§ i ğŸ˜ you both
612,1,Byron in 3 weeks
613,1,thanks
614,1,rt if you hate me ğŸ˜† with joy
615,1,keep smiling happy.1
616,0,You can have mine and I'll take the iPhone. I'm switching back when my contract is up... in a year and a half ğŸ˜§
617,1,=Thumbnail UHC= This is my best render ever :Dand Favs are appreciated brosOpinios ?
618,0,- Thank you tons.1
619,0,Gorbachev done w/o fear. Thought bold enough to implement his vision on Damp Squib ğŸ˜§
620,1,but Genix deserves so much more than Myth! Open your Eyes The Community want
621,0,come to Miami ğŸ˜”
622,0,I feel like the 'only environments disable people' argument actually excludes many disabled people
623,1,a beautiful day ğŸ˜Š
624,0,unfortunately
625,1,Here's one of my rolls of 'Poundland' film! (A store that sells all products at 140.) And here's the DX d
626,1,Teaser coming out today at 4pm!Story.1
627,1,Awesome recommendation Jess! Listened to the
628,0,Crap. Hailie won't be there. She has a school game and won't make it to Middleburg in time ğŸ˜§
629,0,Yeah! My sight reading was pretty good in high school
630,1,Let me eat that cake! ğŸ˜„ ğŸ˜›
631,1,Our crazy EASTER! Our donkey is insane! Seriously crazy haha!
632,1,and totally of
633,0,WUUT SERIOUSLY?
634,1,looking forward to you visiting! You've picked a great day too
635,1,Superstar thanks so much for the kind words! Look forward to seeing you soon buddy smile.1
636,0,This is by far my worst day of 2017 since January 8th ğŸ˜§ ğŸ˜† ğŸ˜† .
637,0,when will you go here in batangas? ğŸ˜”
638,1,Bill Nye Answers Science Questions From Twitter | WIRED
639,0,help me too ğŸ˜§ as an early birthday gift huhu
640,1,have you tried these new hacks?! **TRYING DUMB LIFE HACKS 17**
641,0,the girl in front of me was
642,1,We got a Vive tracker in the office and our intern
643,0,I only just absorbed that I'm not going to get to laugh when he gets 2000 votes. ğŸ˜§ .3
644,0,this is jimin to yoongi ğŸ˜§ .6
645,1,Thanks for the recent follow Happy to connect ğŸ˜Š have a great Thursday. Want this.5
646,0,my views have gone done by about 100 monthly ğŸ˜§
647,1,Mummy
648,0,Is that store still in use? If so
649,0,you don't post much lately? school ğŸ˜§
650,1,Good luck to Rich riding for great project in this Sunday. Can you donate?
651,0,the application is Kana Kanji Funtime! Sadly
652,0,Used up a month's worth at Laugharne Weekend ğŸ˜” (no wi-fi in small Carmarthenshire towns
653,1,Congratulations very impressive ğŸ˜Š
654,1,We bought a 523 litre fridge. I am applying for cold storage license in Bhayander West ğŸ˜„
655,0,I just finished gym
656,1,20% off all Knight Day Jewellery ends this Sunday-Why not pick up something nice for
657,0,NOOOO in here is 6.45 ;_; I have classes at that time ğŸ˜§
658,1,Sixth spot not applicable Team! Higher pa! :)KISSES TheFashionIcon.1
659,0,do you even care at all ğŸ˜§
660,0,buy or do anything that supports Canada until
661,1,Can you guys make the Japanese Greninja's and Waveguider come as well? ğŸ˜Š
662,1,Love you too P!
663,0,SO PRECIOUS I REALLY MISS HIM ğŸ˜§ .2
664,1,Veronice and Jughead! happy.1
665,0,freebet any sport except total mkets on handball
666,1,coming soon to a screen near you.
667,1,We've 80 so far in our collection of 150+! ğŸ˜Š New gin menu coming soon as well!
668,0,Just please look at how scared and full of tence lauren's face is after tryin reaching camila's hand
669,1,Indeed
670,0,Hey screenshot sainyo . Hmm tumagal sana us . Stay what uu are . Im always here fr uu no matter what . Luv uu so mats
671,1,Thanks for the recent follow Happy to connect ğŸ˜Š have a great Thursday. Get this
672,1,IF THE BELOW TWEET HITS 1000 IS GETTING RIAN HOLDING THE STICKER TOO!!! Click the below tweet SM
673,1,Exaseetly what's happening in TN Politisees. This is not to get BJP at all to TN. Game is different. Again
674,0,talking to my over driver about where I'm goinghe said he'd ğŸ˜ to go to New York too but since Trump it's probably not.5
675,0,this is damn.... theres people who sincerely want to attend BH birthday party but bcs of those people who try for fun make them ca.4
676,1,I protect it with a layer of fat :)KISSES TheFashionIcon
677,0,oh noooo baby ğŸ˜§
678,0,2010 Week 11
679,0,I know I'm not ready to say goodbye ğŸ˜§ So
680,0,One of my faves too ğŸ˜§ I'm tying to get it up on Vimeo so you guys can still watch it x
681,0,jungkook looks like he gives the biggest and warmest hugs ğŸ˜§ .1
682,1,your birthday isn't for another for hours for me
683,0,senior snaps are starting to get so senti aw ğŸ˜§
684,0,Miss my friends ğŸ˜§
685,0,it's just got 3 years longer ğŸ˜§
686,1,We don%27t spam him in any way
687,1,Thanks by has notice of me Greetings : JossetteD'Hermanni
688,0,A fish killer going to be pressed younhappy I the hoe of today you were a GOOD person .1
689,0,what if the one direction (band) itself is the one who's giving up? ğŸ˜§
690,1,Hellooo.. ğŸ˜Š Kyle Davies (RebelByACause)
691,1,er
692,1,i was telling you to read a book today. knowledge is power. knowledge is growth. kee.1
693,1,hey
694,0,i was going to add bazza
695,1,good luck! You have my vote ğŸ˜­
696,1,music and direction by of my favourites by
697,1,Watch this MayWard Fam!
698,0,got to aksis 2nd part and have a CP for him but have never completed it since return on investment dropped laughing out loud ğŸ˜§
699,1,Morning
700,1,The best community gathering coming up! We're full
701,0,resolve is sooo slow on my laptop
702,0,good morning i had a nightmare and i'm still wondering why maddie hates me. this is only the beginning of the day ğŸ˜§
703,0,Its not organicthey'll shoehorn it inbut plot character developmentMCU netflix has lesWhat support
704,0,Peacefully sitting here reading my book after work
705,1,Hellooo.. ğŸ˜Š Lil strait (Daddyy_rat)
706,1,which is good for him happy.1
707,1,Happy belated birthday :)Another duet of you and Amaal is much needed
708,1,Thanks for the recent follow Happy to connect ğŸ˜Š have a great Thursday..17
709,1,Happy birthday
710,0,Ouch Elena Eremina's foot slip
711,1,Thanks for the retweets this week. Much appreciated ğŸ˜Š Want this? It's FREE!
712,1,Seokjinie went to Everland today~ I guess he forgot that he's an idol.1
713,0,instant message still bored ğŸ˜§
714,1,Wow
715,0,i miss jihoon ğŸ˜” .1
716,0,suuuuuuuuss scared ğŸ˜†
717,0,but like HOW LONG IS A WHILE?! i didn't want him to be back but he puts me in such a good mood so i don't want him
718,1,NEW VIDEO!Stream Montage - we finally unboxed a Spectrum Knife :)Hope you like it! here:
719,0,Same ğŸ˜§ I've unfollowed so many people ugh
720,1,That's why I say at the end of my videos If you liked it
721,0,Koalas are dying of thirst and it's all because of us ğŸ˜§ .10
722,1,before I think of them :)KISSES TheFashionIcon
723,0,Guess who's not getting a unicorn frappuccino because they're sold out ğŸ˜§ .1
724,1,got on my favorite boot cut jeans and roshe runs. No girl is safe today. Have a blessed 4/20 all ğŸ˜­
725,1,good morning
726,1,If you're a CHAMPION
727,1,TypingCure
728,1,check her AS:
729,0,Same. ğŸ˜§ I got a 12h stream coming up for my Bday in 8 hours. And I'm still not sleeping.
730,0,This is so me though
731,1,I look good in blue ğŸ˜Š
732,0,Nick? Might he deliver WHEN the time demands it. Story of his life -
733,1,Cpl Swallows just gone over the house. Heard them whilst flying my drone.. ğŸ˜Š
734,1,Tara
735,0,this is damn.... theres people who sincerely want to attend BH birthday party but bcs of those people who try for fun make them ca.7
736,0,I just told them to bugger off and hung up! They waned access to my pc. If they phoned someone like my Gran
737,0,Roc Boyz ğŸ˜” .1
738,1,Just win at weekend and it will be a late gift
739,1,He didn't play for a year
740,1,Hi Han
741,1,see the next tweet! I did about 5 different things while keeping very calm
742,0,Omg I see why you don't drink alcohol Haha so glad your having fun all you guys ! Wish I
743,1,As the last event for chapter 1
744,1,There're time we shcj do/did something that dissapointed ot6
745,0,Yeah
746,1,AVI for my man :)Phone made like always wink
747,0,Yeah! My sight reading was pretty good in high school.1
748,0,It's hard to imagine anyone but Robin ğŸ˜§ but still exciting nonetheless
749,1,Thankfully I didn't have to chop it myself
750,1,Your body hears everything your mind says. Be kind
751,1,Happy Birthday in Chopin style - Piano Improvisation
752,0,Definitely my arms ğŸ˜§ .6
753,0,So
754,1,Anne! ğŸ˜Š
755,0,I'm very jealous of you all ğŸ˜§ Please go see 18:40 - Green Room on Sat!
756,1,Surround yourself with positivity happy.1
757,1,class hall missions and heroic dungeons surprised ğŸ˜„
758,1,Hi guys! :)We're looking for to bartenders/mixologists to work with us at an upcoming event. DM us
759,1,Another great day out in Westhoughton
760,1,Your titties are fantastic. Kissy Kissy
761,1,I guess it's a good thing then to bring it right to the foreground and put it right in their face
762,1,Soon I'll make arts ğŸ˜Š
763,1,Please
764,1,Order what ever you want to eat through our website.May you all have a great day happy.1
765,1,That would be a great trick happy.2
766,0,I miss London already ğŸ˜§
767,0,it kind of feels like a sunburight now right now ğŸ˜” someone please make the nobby things on glasses not slip
768,1,if josie
769,0,can just see the edge creeping in ğŸ˜§
770,0,I'm so tired ğŸ˜§
771,1,A nice morning working from today. Lovely atmosphere
772,1,Share the love:thanks for being top new followers this week ğŸ˜Š Want this
773,1,Share the love: thanks for being top new followers this week happy.2
774,0,I'm trying to stay positive but I can't help be jealous of princess Mia's life. All she does is cuddle and eat ğŸ˜§
775,1,Go back to school for music! I think I will in time happy.2
776,1,Sure do! ğŸ˜Š
777,0,Hey guys could you help me by retweeting this? I've heard was legitimate and I really need a VPN account rig
778,1,always running out of space on my phone
779,1,Hellooo ğŸ˜Š Jackatkinson (jackat13)
780,0,sorry guys ğŸ˜§
781,1,I know vearey moving. and TWISTY! And you aaree are
782,0,Damn it isn't available here ğŸ˜§
783,1,Nothing moves faster than a girl untagging herself from an ugly picture :)KISSES TheFashionIcon
784,1,Go back to school for music! I think I will in time happy.1
785,1,Keep tweeting team. Higher! Thank you for the efforts. :)KISSES TheFashionIcon
786,1,will there be a new amazingphil video today? ğŸ˜Š
787,0,SO PRECIOUS I REALLY MISS HIM ğŸ˜§ .1
788,1,What texts are you doing? ğŸ˜Š I've got the same issue!
789,1,30 likes?} hehe
790,0,I seriously thought that Coldplay was going to be band like Depeche Mode or U2
791,1,Hey thanks for being top new followers this week! Much appreciated happy.1
792,1,Agreed! I feel like I've skipped too many css/design fundamentals. I'm spending the next couple of
793,1,Nothing is ever as it seems. What looks bad today
794,0,77 ? Old Leyland
795,0,Am away next Thursday ğŸ˜§ the one after!
796,1,Well.1
797,1,will miss it but I'm on an open education seminar in Palestine ğŸ˜Š
798,0,this is jimin to yoongi ğŸ˜§ .7
799,1,Hey thanks for being top new followers this week! Much appreciated happy.3
800,1,that I said
801,1,thanks for the recent follow.1
802,0,Last day of the camp tomorrow
803,1,Well
804,0,Definitely my arms ğŸ˜§ .4
805,1,Love this!
806,0,fuck get me followers ğŸ˜§ my ratio is amazing
807,1,Hey thanks for being top High Value Members of last week
808,0,jungkook looks like he gives the biggest and warmest hugs ğŸ˜§
809,0,Yesterday's faci so cute! But he 30+ :(Today's faci is old eeyer
810,1,sloths are great? So it's a good un-unthinkable picture? Have I dug mysel
811,0,can I only pick one ğŸ˜§
812,1,Uncheck new arrivals ğŸ˜Š
813,0,I ordered car yesterday
814,1,who knows ğŸ˜„
815,0,it froze a few times. Then went to 16.10
816,0,When your online crush comes to the meet-up without their Snapchat filter ğŸ˜§ .3
817,0,True ğŸ˜§
818,1,That would be a great trick happy.3
819,1,Stats for the day have arrived. 1 new follower and NO unfollowers ğŸ˜Š via.2
820,0,it's Adore you
821,0,Roc Boyz ğŸ˜” .2
822,1,Haha thanks fansnim! ğŸ˜Š
823,0,Bantay? ğŸ˜§
824,0,Oh no ğŸ˜§
825,1,opera Nirjhor As long as they are not claiming to be the first one ğŸ˜„ /Rosi
826,0,I cringed so hard :(That fall was such a shame- she had been looking really good until that point...
827,1,if you follow and DM us we will be able to assist you. Chris ğŸ˜Š
828,0,One year ago today ğŸ˜§ .1
829,1,Sixth spot not applicable Team! Higher pa! :)KISSES TheFashionIcon
830,0,i ğŸ˜ when people or message me w long messages about how beautiful they find joon like ğŸ˜§ yes i agree keep going
831,0,yes jenniessi?
832,1,i took a full drink into my uber; i guess you could say instant message pretty wild. These are the Tuesdays we'll never forget ğŸ˜Š
833,0,this is damn.... theres people who sincerely want to attend BH birthday party but bcs of those people who try for fun make them ca.8
834,1,only way to make sense of those crazy edge cases is the idea of sharing revenue was offensive
835,1,Perfect
836,1,much appreciated ğŸ˜Š Want this
837,0,Nooo your hair color is pretty .1
838,0,my puppies deserves all better ğŸ˜§ .2
839,1,Beautiful album from the greatest unsung guitar genius of our time - and I've met the great backstage
840,0,and all the mobbing in Australia
841,0,I've Just Wrote 30 Tweets About But Still Didn't Notice Me ğŸ˜†
842,0,it's $10 but also free postage. i wish the seller had yanan and yeo one too. ğŸ˜§
843,0,As if this process hasn't been frustrating enough
844,1,Order what ever you want to eat through our website.May you all have a great day happy.2
845,1,Sydney tomorrow
846,1,I'm a Japanese Directioner ğŸ˜„
847,0,Zabardast
848,1,Nothing could be better happy.4
849,0,Goodnight princess
850,0,Definitely my arms ğŸ˜§ .7
851,0,one direction (band) whats going on ğŸ˜§
852,0,Oh well never liked Clay anyway ğŸ˜§
853,0,basketball etc theyre all restrict.Threw
854,1,Good luck ğŸ˜Š
855,1,as long as she's cool
856,1,TICKETS AVAILABLE NOW for The 401 Festival of Running 2017
857,1,Die evil raven! ğŸ˜„
858,0,Oh boo
859,1,If school has taught us anything
860,1,i got goosebumps
861,1,That would be a great trick happy.5
862,1,Exaseetly what's happening in TN Politisees. This is not to get BJP at all to TN. Game is different. Again.1
863,0,3. That's a lot cheaper and easier than make your own. My schematic needs special cables that doesn't come easy. ğŸ˜§
864,1,you'll be see.1
865,0,Looks awesome Annette
866,0,Hi Aled
867,0,wow this is amazing but i won't be in the country ğŸ˜§
868,0,Never want to finish desperate housewives what will I do with my life ğŸ˜§
869,1,Hellooo ğŸ˜Š Ross Chaplin (MasonCooper4)
870,0,i havent been this early to school since last semester ğŸ˜§
871,1,have a great
872,1,Select from 14 award-winning Laura Taylor romance ebooks
873,0,this is damn.... theres people who sincerely want to attend BH birthday party but bcs of those people who try for fun make them ca.6
874,1,big ğŸ˜ for Anne cox ğŸ˜Š
875,1,Annapurna studios production no.29 on floors tomorrow. In this heat we are going to turn on the heat ğŸ˜Š can't expre
876,0,man. : (
877,0,Youngjae during fansign on 04/10/17 constantly massaging his back. Clearly something wrong but pretended he was not
878,0,I know how you feel
879,0,I want to give him everything that makes him ğŸ˜Š just to see this ğŸ˜­ ğŸ˜§
880,0,seem I want to drop this account to wuhyungwon ğŸ˜§
881,1,Unnamed: 223
882,0,Streaming later in the day (night stream) since i have to go and take care of the internet contract
883,1,thanks for the recent follow. Much appreciated ğŸ˜Š Want this.2
884,1,Just delivered my Managing the Online Customer Journey keynote at the Autodesk Partner Event. Incredible event
885,1,this worked out beautifully. If you redesign the import page to suit the whole application would mak
886,0,4/20 today
887,0,This picture makes me ğŸ˜” ğŸ˜§
888,1,Gippy Grewal will be online on Twitter at 3 PM
889,0,I feel so bad
890,1,25x25? I can go first ğŸ˜Š
891,1,Good morning every one.2
892,1,this looks awesome! Id ğŸ˜ to see a VN like this ğŸ˜„
893,0,Okey ğŸ˜§
894,0,Shaandaar
895,1,Thanks for the recent follow Happy to connect ğŸ˜Š have a great Thursday..18
896,1,popping into a store
897,1,fitness
898,0,I miss you Levi ğŸ˜§
899,0,Why is it so difficult for me to get at least a chance ğŸ˜§
900,1,rt for 13 ffs-it's not much but they're free-legit-free but follow me first to get them quicker-be patient i will g.1
901,0,you got to rest
902,0,my puppies deserves all better ğŸ˜§ .1
903,0,Need your help guys ğŸ˜†
904,0,So I may be one of those workers who are not properly compensated ğŸ˜§
905,0,I can't do it all on my own. (See what I did there? ) .1
906,0,Miss the rain ğŸ˜§
907,0,most painful thing ever is having feelings for someone you can't be with .. ğŸ˜§
908,1,Many thanks
909,0,Does anyone have a 7 adapter or 7 earbuds i can borrow for the day? Left mine in my car ğŸ˜§
910,0,My knee is similar colour to leny Henry's ğŸ˜§
911,0,U4v9rr I wish I had noted the gentleman's name ğŸ˜§ but if you find out who he is
912,1,Congrats for 3M followers on Instagram! ğŸ˜Š
913,1,I check Beautiful News every single day
914,1,2nd Cousin Vlad !!!!! maybe thats a message from the Hockey G
915,0,this is damn.... theres people who sincerely want to attend BH birthday party but bcs of those people who try for fun make them ca.14
916,0,I miss it already ğŸ˜§
917,0,Still NO sign - it's a very small area ( Gardens ) and it would be very obvious ğŸ˜” quite a few eyes now
918,0,only take season 9 off
919,0,Koalas are dying of thirst and it's all because of us ğŸ˜§ .9
920,0,I feel so awful today ğŸ˜§ I don't want to go to my internship
921,0,Sooooo feels like a Friday today ğŸ˜§
922,1,Here is the link for Seventeen's Yokohama Concert with English subs :)DDL:
923,1,Nice
924,0,i'll try ğŸ˜” and yes i am ğŸ˜§
925,0,cant speak japanese ::(
926,1,Thanks for the follow! ğŸ˜Š
927,1,Thank you crew happy.3
928,1,I second that! Thanks for the spin. Very much appreciated. ğŸ˜Š
929,0,Who got to pen today man ğŸ˜†
930,1,rather
931,1,a friend who would like a BRAND NEW Strapback hats only 14.99 at
932,1,From soup and sandwiches to slow cooked pork
933,1,Good luck to Rich riding for great project in this Sunday. Can you donate?.1
934,0,22 is old ğŸ˜§
935,0,First round exit in 15 minutes followed by 45 of tech ğŸ˜† ğŸ˜§
936,0,ich will ned ğŸ˜§
937,0,where's justin i miss him ğŸ˜§
938,1,me everything and anything these days
939,1,Playoffs rematch complete! Feels good going to worlds again ğŸ˜„
940,1,look how big I've become!
941,0,Hope he's ok
942,0,if i get 900 retweets and 900 likes. help me :(un.1
943,1,Superstar thanks so much for the kind words! Look forward to seeing you soon buddy smile.2
944,0,A fish killer going to be pressed younhappy I the hoe of today you were a GOOD person
945,1,mutual: let's talk more!me: for sure!mutual: ğŸ˜Š me:.8
946,0,now I need a different pinned tweet ğŸ˜§
947,0,I miss you more ğŸ˜§
948,0,i miss them already ğŸ˜§
949,1,Hello I hope you visit Luxor its amazing city in Egypt pleas check
950,1,i think instant message meant to stay single and fix people's relationships my entire life ğŸ˜­
951,1,i wasn't saying i read a book today
952,1,tonight 7pm.1
953,1,on Snapchat ğŸ˜Š
954,1,Unnamed: 527
955,1,enjoy ğŸ˜­ h.e.r.
956,1,Pfft- ğŸ˜† with joy Oh.. I hope year oldu're okay
957,0,I'll check that out... I was excited about the backup singers but they were way too backup ğŸ˜§
958,1,tonight 7pm
959,1,So Happy It's Thursday*
960,1,Thanks for up-voting us on PH happy.1
961,0,Unnamed: 938
962,0,MUZ U MORE
963,1,Does not matter
964,1,Sup guys? ğŸ˜„
965,0,I face swapped a cat with a dog and it's really upsetting ğŸ˜§ .4
966,0,sometimes at night i feel scared and vulnerable ğŸ˜†
967,1,I really must go see Power Rangers again. ğŸ˜­
968,1,went to work.Don't get too excited
969,1,Feeling myself
970,1,you know what i think? you look exceptional for a new Mum
971,1,This is great to hear Joanna! ğŸ˜Š We're so pleased you've had a good experience.
972,0,I literally couldn't see a thing when they were at the back of the stage
973,0,YG should have sent them to MCD. I want to see them holding the trophy ğŸ˜§ anyways .7
974,0,WHY ARE YOU WHIMPER AT ME?
975,1,AVI for my man :)Phone made like always wink.1
976,0,it's such a negative pit of unhappiness
977,0,never mind Khushi
978,0,Lets hope a VIP does this good deed. I want to watch this too . They shouldn't have done thi
979,0,Definitely my arms ğŸ˜§ .13
980,1,Oh
981,0,he could be whatever
982,0,Too bad i can't watch it ğŸ˜§ that cake is cute and looks delicious
983,1,Congrats on your ğŸ˜„
984,1,I had that down south and had no issues
985,0,i don%27t know if you saw my comment yet
986,0,Roc Boyz ğŸ˜” .3
987,0,That is super scary ğŸ˜§
988,0,watchman comes and threatens me
989,1,Thanks for the recent follow Happy to connect ğŸ˜Š have a great Thursday. Want this ?.2
990,1,i ğŸ˜ him ğŸ˜† with joy
991,0,Lage ğŸ˜§
992,1,instant message perfectly fine ğŸ˜„ how about you fellow ken
993,0,Shameful
994,1,Ohh yeah and we had sausage with our pancakes ğŸ˜Š x
995,1,Stats for the day have arrived. 1 new follower and NO unfollowers ğŸ˜Š via.3
996,0,I'm just really soft spoken ğŸ˜§
997,0,babies ğŸ˜§
998,0,[PLEASE RT] he'll buy me a blinking taehyung headband.1
999,1,chaged for the best for our Singto. Please
